﻿<?xml version="1.0" encoding="utf-8" ?>
<Defs>

  <MentalBreakDef>
    <defName>RandomPassionChange</defName>
    <mentalState>RandomPassionChange</mentalState>
    <baseCommonality>0</baseCommonality>
    <intensity>Extreme</intensity>
    <requiredTrait>Fickle</requiredTrait>
  </MentalBreakDef>
  <MentalStateDef ParentName="BaseMentalState">
    <defName>RandomPassionChange</defName>
    <stateClass>PersonalityTrait.MentalState_Fickle</stateClass>
    <label>boredom</label>
    <category>Misc</category>
    <prisonersCanDo>false</prisonersCanDo>
    <colonistsOnly>true</colonistsOnly>
    <minTicksBeforeRecovery>1</minTicksBeforeRecovery>
    <recoveryMtbDays>0.01</recoveryMtbDays>
    <maxTicksBeforeRecovery>1</maxTicksBeforeRecovery>
    <nameColor>(0.65, 0.9, 0.93)</nameColor>
    <beginLetter>{0} has become bored with [PAWN_possessive] current interests, and has changed [PAWN_possessive] passion.</beginLetter>
    <beginLetterDef>NegativeEvent</beginLetterDef>
    <recoveryMessage>{0} has changed [PAWN_possessive] interests.</recoveryMessage>
    <baseInspectLine>Mental state: Boredom</baseInspectLine>
    <recoverFromSleep>true</recoverFromSleep>
    <inCaravanCanDo>true</inCaravanCanDo>
  </MentalStateDef>

  <MentalBreakDef>
    <defName>DeterministDivination</defName>
    <mentalState>DeterministDivination</mentalState>
    <baseCommonality>0</baseCommonality>
    <intensity>Extreme</intensity>
    <requiredTrait>Determinist</requiredTrait>
  </MentalBreakDef>
  <MentalStateDef ParentName="BaseMentalState">
    <defName>DeterministDivination</defName>
    <stateClass>PersonalityTrait.MentalState_Determinist</stateClass>
    <workerClass>PersonalityTrait.MentalStateWorker_Determinist</workerClass>
    <label>divination</label>
    <category>Misc</category>
    <prisonersCanDo>false</prisonersCanDo>
    <colonistsOnly>true</colonistsOnly>
    <minTicksBeforeRecovery>1</minTicksBeforeRecovery>
    <recoveryMtbDays>0.01</recoveryMtbDays>
    <maxTicksBeforeRecovery>1</maxTicksBeforeRecovery>
    <nameColor>(0.65, 0.9, 0.93)</nameColor>
    <beginLetter>{0} has perceived signs of [PAWN_possessive] near future, and has changed [PAWN_possessive] expectations.</beginLetter>
    <beginLetterDef>NegativeEvent</beginLetterDef>
    <recoveryMessage>{0} has changed [PAWN_possessive] expectations.</recoveryMessage>
    <baseInspectLine>Mental state: Divination</baseInspectLine>
    <recoverFromSleep>true</recoverFromSleep>
    <inCaravanCanDo>true</inCaravanCanDo>
  </MentalStateDef>

  <MentalBreakDef>
    <defName>RepressionMinor</defName>
    <label>repression</label>
    <baseCommonality>1</baseCommonality>
    <intensity>Minor</intensity>
    <requiredTrait>Repressive</requiredTrait>
    <workerClass>PersonalityTrait.MentalBreakWorker_Repressive</workerClass>
  </MentalBreakDef>

  <MentalBreakDef>
    <defName>RepressionMajor</defName>
    <label>repression</label>
    <baseCommonality>1</baseCommonality>
    <intensity>Major</intensity>
    <requiredTrait>Repressive</requiredTrait>
    <workerClass>PersonalityTrait.MentalBreakWorker_Repressive</workerClass>
  </MentalBreakDef>

  <MentalBreakDef>
    <defName>RepressionExtreme</defName>
    <label>repression</label>
    <baseCommonality>1</baseCommonality>
    <intensity>Extreme</intensity>
    <requiredTrait>Repressive</requiredTrait>
    <workerClass>PersonalityTrait.MentalBreakWorker_Repressive</workerClass>
  </MentalBreakDef>

</Defs>
