﻿<?xml version="1.0" encoding="utf-8" ?>
<Defs>

  <ThoughtDef>
    <defName>Competitive</defName>
    <workerClass>PersonalityTrait.ThoughtWorker_Competitive</workerClass>
    <requiredTraits>
      <li>Competitive</li>
    </requiredTraits>
    <stages>
      <li>
        <label>satisfied with my abilities</label>
        <description>I am the best in the colony!</description>
        <baseMoodEffect>12</baseMoodEffect>
      </li>
      <li>
        <label>dissatisfied with my abilities</label>
        <description>There is someone better than me! I must improve myself.</description>
        <baseMoodEffect>-8</baseMoodEffect>
      </li>
    </stages>
  </ThoughtDef>

</Defs>
